timestamp,guild_id,thread_id,user_id,feedback_score,reviewer_role_id
2024-11-13T11:58:26.102810-07:00,1058490579799003187,1306332225796571148,911012305880358952,5
2024-11-21T16:08:15.769043-07:00,927616651409649675,1309280849081925708,1192996896231395468,5
2024-11-21T16:11:57.243424-07:00,927616651409649675,1309283938728017975,1192996896231395468,5
2024-11-21T16:12:44.458470-07:00,927616651409649675,1309284341372813312,1192996896231395468,5
2024-11-21T16:13:13.433832-07:00,927616651409649675,1309292908804837407,1192996896231395468,5
2024-11-23T11:17:26.303729-07:00,927616651409649675,1309918507986583604,808076625861541911,5
2024-11-23T11:19:58.482627-07:00,927616651409649675,1309921502912712714,808076625861541911,1
2024-11-23T11:20:52.602451-07:00,927616651409649675,1309795768223404082,808076625861541911,3
2024-11-23T12:11:23.042078-07:00,927616651409649675,1309783681199636580,808076625861541911,4
2024-11-23T13:10:11.722115-07:00,927616651409649675,1309772372890353787,808076625861541911,4
2024-11-25T16:19:03.308149-07:00,927616651409649675,1310727758501908501,1197277105235443713,4
2024-11-25T16:19:49.168968-07:00,927616651409649675,1310719544586801192,1197277105235443713,2
2024-11-25T16:21:01.321987-07:00,927616651409649675,1310723851872894976,1197277105235443713,3
2024-11-25T16:21:25.597525-07:00,927616651409649675,1310730282332323940,1197277105235443713,2
2024-11-25T16:21:33.788849-07:00,927616651409649675,1310735429481267210,1197277105235443713,1
2024-11-25T16:22:01.351105-07:00,927616651409649675,1310721659015139328,1197277105235443713,4
2024-11-26T09:03:55.662044-07:00,927616651409649675,1310858186764320860,1062453088742543500,4
2024-11-26T14:18:32.261795-07:00,927616651409649675,1311063880398536724,1062409189948936262,5
2024-11-26T14:19:54.591544-07:00,927616651409649675,1311018770155831347,1062409189948936262,1
2024-11-26T14:21:24.357810-07:00,927616651409649675,1310847408787423312,1062409189948936262,5
2024-11-26T14:52:56.650793-07:00,927616651409649675,1311080215442620488,1145869132710039682,5
2024-11-26T14:54:34.607529-07:00,927616651409649675,1310846436602282024,1145869132710039682,3
2024-11-26T14:55:16.394097-07:00,927616651409649675,1310834441827909637,1145869132710039682,4
2024-11-26T14:55:40.762735-07:00,927616651409649675,1310832540491452448,1145869132710039682,4
2024-11-26T14:57:49.943510-07:00,927616651409649675,1310829380783702016,1145869132710039682,5
2024-11-26T14:58:08.392172-07:00,927616651409649675,1310828154662948955,1145869132710039682,5
2024-11-27T13:30:03.988657-07:00,927616651409649675,1308888237066162280,1281318400228065386,None
2024-11-27T13:33:09.450513-07:00,927616651409649675,1308890287984349234,1280655752138063903,None
2024-11-27T13:37:54.516166-07:00,927616651409649675,1308889027289550870,1281377626216337551,None
2024-11-27T13:40:37.530381-07:00,927616651409649675,1308890700896800818,1280929595318734889,None
2024-11-27T13:43:19.238619-07:00,927616651409649675,1308891962627063828,1248691885929926751,None
2024-11-27T13:43:49.726728-07:00,927616651409649675,1308892797700673546,1281318400228065386,None
2024-11-27T13:49:21.398532-07:00,927616651409649675,1308889977693667408,1281622160779251726,None
2024-11-27T13:55:06.971568-07:00,927616651409649675,1308893731474374827,492685234190680075,None
2024-11-27T14:07:17.317831-07:00,927616651409649675,1308897364416790619,1280929595318734889,None
2024-11-27T14:09:39.866365-07:00,927616651409649675,1308896425739944039,1281032764379889786,None
2024-11-27T14:14:16.067660-07:00,927616651409649675,1308900716219207700,1280995625080590398,None
2024-11-27T14:14:30.143651-07:00,927616651409649675,1308897161429127179,1281377626216337551,None
2024-11-27T14:22:14.039138-07:00,927616651409649675,1308902228236435457,1281013251882356769,None
2024-11-27T14:47:31.141465-07:00,927616651409649675,1308908611069546557,1280997347563671667,None
2024-11-27T14:47:52.543436-07:00,927616651409649675,1308904926860021892,1185284527279579196,None
2024-11-27T14:49:11.011228-07:00,927616651409649675,1308908671350341773,1280997365267824712,None
2024-11-27T14:53:57.602880-07:00,927616651409649675,1308906407147470909,1280928981771616337,None
2024-11-27T15:10:19.183488-07:00,927616651409649675,1308914396629565443,1280997365267824712,None
2024-11-27T15:25:47.348289-07:00,927616651409649675,1308912770997162155,1280997347563671667,None
2024-11-27T15:27:26.098932-07:00,927616651409649675,1311428537642647664,321105133050265612,4
2024-11-27T15:28:30.025536-07:00,927616651409649675,1308914922624651296,1075621006258999457,None
2024-11-27T15:28:32.240101-07:00,927616651409649675,1311432547346940005,321105133050265612,1
2024-11-27T15:28:46.384981-07:00,927616651409649675,1308919465001615482,1281461803741741098,None
2024-11-27T15:29:19.655642-07:00,927616651409649675,1311440345275437056,321105133050265612,4
2024-11-27T15:35:28.104647-07:00,927616651409649675,1308920951873863760,358772775726612490,None
2024-11-27T15:35:51.937342-07:00,927616651409649675,1308919439210582056,1280928626212212802,None
2024-11-27T15:36:09.188072-07:00,927616651409649675,1308921191167426660,737387257027100713,None
2024-11-27T15:52:47.602669-07:00,927616651409649675,1308924311515697297,554730981865816064,None
2024-11-27T15:58:11.374987-07:00,927616651409649675,1308926510257799220,1281361125488984104,None
2024-11-27T16:01:32.182202-07:00,927616651409649675,1308926229512192145,1280928626212212802,None
2024-11-27T16:06:45.742937-07:00,927616651409649675,1308928486550798407,1075621006258999457,None
2024-11-27T16:13:25.316750-07:00,927616651409649675,1308927219212488744,779431820470255627,None
2024-11-27T16:14:13.422963-07:00,927616651409649675,1308929242100138037,584512570627719178,None
2024-11-27T16:23:22.301955-07:00,927616651409649675,1311443524553670748,1197277105235443713,4
2024-11-27T16:23:41.659397-07:00,927616651409649675,1311447684116250784,1197277105235443713,3
2024-11-27T16:24:06.741709-07:00,927616651409649675,1311456827304841217,1197277105235443713,2
2024-11-27T16:24:22.732288-07:00,927616651409649675,1311206698832105493,1197277105235443713,3
2024-11-27T16:24:49.716618-07:00,927616651409649675,1311200407489609780,1197277105235443713,2
2024-11-27T16:24:57.209951-07:00,927616651409649675,1311190366527160400,1197277105235443713,2
2024-11-27T16:31:36.250986-07:00,927616651409649675,1308935074997075999,358772775726612490,None
2024-11-27T16:35:37.288111-07:00,927616651409649675,1308936160843661412,1280997365267824712,None
2024-11-27T16:36:28.026123-07:00,927616651409649675,1308932824178622467,1281318400228065386,None
2024-11-27T16:51:22.840753-07:00,927616651409649675,1308939988834193408,1280928774216486923,None
2024-11-27T16:57:26.911755-07:00,927616651409649675,1311471379559878787,1197277105235443713,4
2024-11-27T17:06:09.613589-07:00,927616651409649675,1308942693090590771,1281291262363828255,None
2024-11-27T17:16:51.091709-07:00,927616651409649675,1308942488366485576,1281032764379889786,None
2024-11-27T17:34:24.976840-07:00,927616651409649675,1308950485772009512,1280694364443774976,None
2024-11-27T17:36:15.900409-07:00,927616651409649675,1308951259549794366,1283496784689365033,None
2024-11-27T18:01:11.978272-07:00,927616651409649675,1308957544538046544,536241373838311434,None
2024-11-27T18:07:37.378222-07:00,927616651409649675,1308957918158393377,1280928981771616337,None
2024-11-27T18:14:22.732169-07:00,927616651409649675,1308956713130659944,1280929494571548836,None
2024-11-27T18:17:39.182554-07:00,927616651409649675,1308951620444229662,1281032764379889786,None
2024-11-27T18:24:03.633632-07:00,927616651409649675,1308963194403815466,1281695002749177869,None
2024-11-27T18:33:02.691862-07:00,927616651409649675,1308963293750366299,1280928981771616337,None
2024-11-27T18:35:01.719124-07:00,927616651409649675,1308962514620645509,928437279175897149,None
2024-11-27T18:36:42.844520-07:00,927616651409649675,1308964536283303947,1281291262363828255,None
2024-11-27T19:01:21.419604-07:00,927616651409649675,1308970139869511802,1281291262363828255,None
2024-11-27T19:04:24.310139-07:00,927616651409649675,1308965993439297567,1281695002749177869,None
2024-11-27T19:08:02.258953-07:00,927616651409649675,1308966231889416315,1075621006258999457,None
2024-11-27T19:08:57.827636-07:00,927616651409649675,1308974623181897819,877599594710724608,None
2024-11-27T19:14:08.355176-07:00,927616651409649675,1308976179872792577,1281297122943307837,None
2024-11-27T19:28:48.881034-07:00,927616651409649675,1308977944093524010,1281291262363828255,None
2024-11-27T19:30:16.871640-07:00,927616651409649675,1308978167645737090,1281425124251275286,None
2024-11-27T19:36:06.897222-07:00,927616651409649675,1308980326432899173,410167430846087168,None
2024-11-27T19:53:17.074894-07:00,927616651409649675,1308977692749860965,1281695002749177869,None
2024-11-27T20:15:53.567934-07:00,927616651409649675,1308991216922132500,1281404738344058994,None
2024-11-27T20:29:40.522305-07:00,927616651409649675,1308991911977287722,534535694584905728,None
2024-11-27T20:35:46.318140-07:00,927616651409649675,1308995912067977217,1281404738344058994,None
2024-11-27T20:50:19.768652-07:00,927616651409649675,1308991767210627205,1280929494571548836,None
2024-11-27T21:08:51.768083-07:00,927616651409649675,1309004914369892433,534535694584905728,None
2024-11-27T21:10:19.458770-07:00,927616651409649675,1309002649860833321,1197706190029865122,None
2024-11-27T21:23:02.258309-07:00,927616651409649675,1308996608746065940,810241277794189332,None
2024-11-27T21:25:25.546983-07:00,927616651409649675,1309002185865953321,1200218783571263541,None
2024-11-27T21:25:55.098978-07:00,927616651409649675,1309004707548893265,606998613985329162,None
2024-11-27T21:26:13.516801-07:00,927616651409649675,1309009289657978901,1281027428285681735,None
2024-11-27T21:39:27.406043-07:00,927616651409649675,1309009434865045524,1281376736826626184,None
2024-11-27T21:41:10.309352-07:00,927616651409649675,1309011064385572885,543994538352705537,None
2024-11-27T21:49:57.285895-07:00,927616651409649675,1309007473125883975,1281695002749177869,None
2024-11-27T21:53:32.710557-07:00,927616651409649675,1309012037229219891,1281027428285681735,None
2024-11-27T21:53:44.486200-07:00,927616651409649675,1309015249579675679,1238222124787695707,None
2024-11-27T21:54:52.719819-07:00,927616651409649675,1309012965810372639,1282058517162758175,None
2024-11-27T21:59:28.125936-07:00,927616651409649675,1309017597387472907,543994538352705537,None
2024-11-27T22:10:37.326407-07:00,927616651409649675,1309019197447077899,1281027428285681735,None
2024-11-27T22:11:10.965085-07:00,927616651409649675,1309016650015707228,1281318400228065386,None
2024-11-27T22:15:31.116706-07:00,927616651409649675,1309020305842245653,1238222124787695707,None
2024-11-27T22:20:31.368894-07:00,927616651409649675,1309014864785838093,1281374998920958094,None
2024-11-27T22:20:53.587473-07:00,927616651409649675,1309015340512182326,1281376736826626184,None
2024-11-27T22:37:58.466963-07:00,927616651409649675,1309026593020051557,1281442307148877848,None
2024-11-27T22:51:44.154414-07:00,927616651409649675,1309024613392580609,1281318400228065386,None
2024-11-27T23:02:00.980251-07:00,927616651409649675,1309032328860799067,1281376736826626184,None
2024-11-27T23:08:43.084783-07:00,927616651409649675,1309030343709560834,1281027428285681735,None
2024-11-27T23:11:58.851847-07:00,927616651409649675,1309035667053084694,1281442307148877848,None
2024-11-27T23:20:43.479684-07:00,927616651409649675,1309038078756655164,1281376736826626184,None
2024-11-28T00:02:10.898232-07:00,927616651409649675,1309038301566599179,1281376736826626184,None
2024-11-28T00:24:48.981736-07:00,927616651409649675,1309053282173587466,410167430846087168,None
2024-11-28T09:35:17.665216-07:00,927616651409649675,1309192826478792807,1280928898380595334,None
2024-11-28T09:50:52.452971-07:00,927616651409649675,1309196016779530300,725049417895510147,None
2024-11-28T10:41:06.324518-07:00,927616651409649675,1309209181978624090,1280997347563671667,None
2024-11-28T10:46:39.589274-07:00,927616651409649675,1309208878084526111,1282058517162758175,None
2024-11-28T10:47:41.283231-07:00,927616651409649675,1309209682132336720,1281395962543341581,None
2024-11-28T10:49:46.283480-07:00,927616651409649675,1309205788962586645,1283462440348291245,None
2024-11-28T10:50:09.860333-07:00,927616651409649675,1309209446118981693,1281279125952266349,None
2024-11-28T10:52:42.869660-07:00,927616651409649675,1309207640655532062,1197706190029865122,None
2024-11-28T10:54:11.202218-07:00,927616651409649675,1309208891665682542,129343764908081152,None
2024-11-28T10:58:07.405304-07:00,927616651409649675,1309212783547646002,1281291262363828255,None
2024-11-28T11:01:58.283711-07:00,927616651409649675,1309207662478757918,611983556826103811,None
2024-11-28T11:04:47.774779-07:00,927616651409649675,1309213368581881966,1280997347563671667,None
2024-11-28T11:04:52.283397-07:00,927616651409649675,1309215286456615015,434861615570223134,None
2024-11-28T11:13:38.960842-07:00,927616651409649675,1309216477009809449,877599594710724608,None
2024-11-28T11:15:26.292681-07:00,927616651409649675,1309214943316410368,1198409126280175751,None
2024-11-28T11:21:20.112147-07:00,927616651409649675,1309219334979194931,1281291262363828255,None
2024-11-28T11:32:14.608358-07:00,927616651409649675,1309220048220586086,1198409126280175751,None
2024-11-28T11:33:55.317047-07:00,927616651409649675,1309222413325697167,675821196713132054,None
2024-11-28T11:34:00.953994-07:00,927616651409649675,1309218620353810563,410167430846087168,None
2024-11-28T11:35:47.685709-07:00,927616651409649675,1309222731287494776,1281291262363828255,None
2024-11-28T11:41:56.073928-07:00,927616651409649675,1309218801765580833,1281278922385915927,None
2024-11-28T11:47:02.054309-07:00,927616651409649675,1309225559074672690,1198409126280175751,None
2024-11-28T11:53:30.086495-07:00,927616651409649675,1309226279043600527,877599594710724608,None
2024-11-28T11:57:37.653057-07:00,927616651409649675,1309222335706042428,1281023593270083678,None
2024-11-28T11:59:10.624401-07:00,927616651409649675,1309220498042781788,1280929739833479170,None
2024-11-28T12:16:58.392575-07:00,927616651409649675,1309229524596293713,1280997331151622288,None
2024-11-28T12:27:31.026324-07:00,927616651409649675,1309234434121400320,877599594710724608,None
2024-11-28T12:28:11.852810-07:00,927616651409649675,1309234730272817172,1248691885929926751,None
2024-11-28T12:30:07.291555-07:00,927616651409649675,1309231380273692704,1265130779474661386,None
2024-11-28T12:38:55.733472-07:00,927616651409649675,1309239021800657018,1281278922385915927,None
2024-11-28T12:40:15.027904-07:00,927616651409649675,1309238632015724545,586732064213172230,None
2024-11-28T12:52:36.426660-07:00,927616651409649675,1309241465867862086,1280694364443774976,None
2024-11-28T13:16:36.704770-07:00,927616651409649675,1309226352360165497,1281089760210980999,None
2024-11-28T13:19:12.250846-07:00,927616651409649675,1309248018914082908,1281387689714651146,None
2024-11-28T13:27:10.043452-07:00,927616651409649675,1309250985780183122,1281015056728981504,None
2024-11-28T13:30:15.856563-07:00,927616651409649675,1309248659828904049,1281089760210980999,None
2024-11-28T13:48:30.165377-07:00,927616651409649675,1309247300534796390,1281023593270083678,None
2024-11-28T14:18:07.036861-07:00,927616651409649675,1309259747345567815,1280928981771616337,None
2024-11-28T14:18:14.772522-07:00,927616651409649675,1309260496498720800,1281015056728981504,None
2024-11-28T14:25:37.011622-07:00,927616651409649675,1309264435235262484,1281047038712086588,None
2024-11-28T14:49:23.938719-07:00,927616651409649675,1309269646876213268,1281047038712086588,None
2024-11-28T15:15:07.570874-07:00,927616651409649675,1309277267964334080,1281374998920958094,None
2024-11-28T15:24:16.619101-07:00,927616651409649675,1309278726739066880,653592144530898954,None
2024-11-28T15:28:21.639376-07:00,927616651409649675,1309281648726118401,1277341193549906002,None
2024-11-28T15:31:44.123956-07:00,927616651409649675,1309274354181210232,1281015056728981504,None
2024-11-28T16:36:20.352293-07:00,927616651409649675,1309295273679257691,513166154693345311,None
2024-11-28T16:53:16.359697-07:00,927616651409649675,1309302873519161375,1281472298758701160,None
2024-11-28T17:07:44.234286-07:00,927616651409649675,1309306649273696399,1281622160779251726,None
2024-11-28T17:09:26.180061-07:00,927616651409649675,1309302731340775464,1280962466662187008,None
2024-11-28T17:09:46.263626-07:00,927616651409649675,1309305735359758406,286940986771243008,None
2024-11-28T17:28:24.582986-07:00,927616651409649675,1309310472687714384,1280962466662187008,None
2024-11-28T17:29:11.646073-07:00,927616651409649675,1309310699595501638,1281027428285681735,None
2024-11-28T17:31:46.771377-07:00,927616651409649675,1309312660399194114,286940986771243008,None
2024-11-28T17:38:17.623984-07:00,927616651409649675,1309255231254691900,1281377902637879352,None
2024-11-28T17:46:31.975643-07:00,927616651409649675,1309315748182753342,286940986771243008,None
2024-11-28T17:56:41.576593-07:00,927616651409649675,1309317695656689815,1281027428285681735,None
2024-11-28T18:00:43.931901-07:00,927616651409649675,1309313998206009396,1281023593270083678,None
2024-11-28T18:29:59.806171-07:00,927616651409649675,1309328355610464316,513166154693345311,None
2024-11-28T19:01:50.722528-07:00,927616651409649675,1309329844433059841,843322656908247041,None
2024-11-28T19:01:59.564960-07:00,927616651409649675,1309334839685545984,1281089760210980999,None
2024-11-28T19:02:20.639914-07:00,927616651409649675,1309333386652815390,1281375570051072083,None
2024-11-28T19:13:29.238005-07:00,927616651409649675,1309338333243113493,1281375570051072083,None
2024-11-28T19:15:03.254051-07:00,927616651409649675,1309332207206400102,768854091148296262,None
2024-11-28T19:15:46.810686-07:00,927616651409649675,1309331509748170784,513166154693345311,None
2024-11-28T19:28:12.762312-07:00,927616651409649675,1309337865909702689,1281622160779251726,None
2024-11-28T19:30:52.094383-07:00,927616651409649675,1309338089197666314,1200218783571263541,None
2024-11-28T19:37:16.171471-07:00,927616651409649675,1309343826997022811,513166154693345311,None
2024-11-28T19:41:38.863469-07:00,927616651409649675,1309340495557824635,1281089760210980999,None
2024-11-28T19:48:24.187514-07:00,927616651409649675,1309347037577220195,1281375570051072083,None
2024-11-28T19:58:57.040829-07:00,927616651409649675,1309349459812941895,492685234190680075,None
2024-11-28T20:01:24.333469-07:00,927616651409649675,1309345598360784929,807038698460938280,None
2024-11-28T20:23:42.386151-07:00,927616651409649675,1309356075337650288,1281375570051072083,None
2024-11-28T20:27:13.606365-07:00,927616651409649675,1309356085102247987,1281375570051072083,None
2024-11-28T20:29:25.078688-07:00,927616651409649675,1309353941506724012,1281291262363828255,None
2024-11-28T20:41:51.875414-07:00,927616651409649675,1309357954541293568,1281089760210980999,None
2024-11-28T20:43:30.867715-07:00,927616651409649675,1309350910161457193,769437481443262514,None
2024-11-28T20:47:00.729356-07:00,927616651409649675,1309360220388196362,1281291262363828255,None
2024-11-28T21:04:26.034302-07:00,927616651409649675,1309360805757849730,1281622160779251726,None
2024-11-28T21:09:01.381670-07:00,927616651409649675,1309362974569533470,286940986771243008,None
2024-11-28T21:18:26.149423-07:00,927616651409649675,1309364025431298110,843322656908247041,None
2024-11-28T21:26:25.591599-07:00,927616651409649675,1309370719611650068,287366837988098049,None
2024-11-28T21:28:09.001476-07:00,927616651409649675,1309367199537823804,1185284527279579196,None
2024-11-28T21:34:01.155199-07:00,927616651409649675,1309366538817503306,1281027428285681735,None
2024-11-28T21:35:46.717866-07:00,927616651409649675,1309367290751619072,1295995954931175466,None
2024-11-28T21:37:44.873317-07:00,927616651409649675,1309368022158544997,810241277794189332,None
2024-11-28T21:41:18.934300-07:00,927616651409649675,1309374470225657888,914037730659426304,None
2024-11-28T21:54:05.477160-07:00,927616651409649675,1309375439323795456,1280969496579805184,None
2024-11-28T21:59:43.454785-07:00,927616651409649675,1309379838666080316,1281637852232417290,None
2024-11-28T22:10:03.491594-07:00,927616651409649675,1309379599427178496,1005513851091038320,None
2024-11-28T22:15:05.061067-07:00,927616651409649675,1309381656821497900,914037730659426304,None
2024-11-28T22:23:47.885895-07:00,927616651409649675,1309382540754161704,1281622160779251726,None
2024-11-28T22:24:58.100733-07:00,927616651409649675,1309381234576855051,1281027428285681735,None
2024-11-28T22:33:13.537529-07:00,927616651409649675,1309386226033360949,532726945834598400,None
2024-11-28T22:43:46.217755-07:00,927616651409649675,1309366618412941414,769437481443262514,None
2024-11-28T22:43:48.306158-07:00,927616651409649675,1309390073749569576,1280727456738840658,None
2024-11-28T22:44:11.434711-07:00,927616651409649675,1309386896639524909,1281377902637879352,None
2024-11-28T23:07:12.249986-07:00,927616651409649675,1309386364898250803,1005513851091038320,None
2024-11-28T23:18:58.304858-07:00,927616651409649675,1309398387120013383,1281377902637879352,None
2024-11-28T23:21:31.702614-07:00,927616651409649675,1309397071505133640,809179094242689045,None
2024-11-28T23:24:22.778021-07:00,927616651409649675,1309401520508243999,287366837988098049,None
2024-11-29T00:08:34.371316-07:00,927616651409649675,1309404239449161768,1281377902637879352,None
2024-11-29T00:32:15.694062-07:00,927616651409649675,1309418295774154764,1281640289341276201,None
2024-11-29T00:44:23.459009-07:00,927616651409649675,1309419768159145984,1283174500678242376,None
2024-11-29T09:27:38.519138-07:00,927616651409649675,1309550015848644618,466038803799474176,None
2024-11-29T10:24:52.500939-07:00,927616651409649675,1309565775853654027,1281039742619881486,None
2024-11-29T11:15:25.752807-07:00,927616651409649675,1309580233967403019,466038803799474176,None
2024-11-29T11:27:12.705533-07:00,927616651409649675,1309582927138521139,1282720534450278531,None
2024-11-29T11:36:56.607243-07:00,927616651409649675,1309579188868616193,611983556826103811,None
2024-11-29T11:39:28.342972-07:00,927616651409649675,1309583512218632232,1280929739833479170,None
2024-11-29T11:49:15.608251-07:00,927616651409649675,1309578623258464296,809179094242689045,None
2024-11-29T12:17:41.772133-07:00,927616651409649675,1309594376149663745,1281637852232417290,None
2024-11-29T12:25:32.239925-07:00,927616651409649675,1309597810961678377,1280928898380595334,None
2024-11-29T12:42:27.005485-07:00,927616651409649675,1312104391557251183,426569182310563861,2
2024-11-29T12:43:09.096075-07:00,927616651409649675,1312067460207476787,426569182310563861,1
2024-11-29T12:45:18.834129-07:00,927616651409649675,1311923697266851972,426569182310563861,4
2024-11-29T13:00:28.683047-07:00,927616651409649675,1309602152519303188,1281637852232417290,None
2024-11-29T13:14:36.145656-07:00,927616651409649675,1309610316304224326,1280928898380595334,None
2024-11-29T13:19:56.514115-07:00,927616651409649675,1309606319854063646,928437279175897149,None
2024-11-29T13:25:44.107136-07:00,927616651409649675,1309611169685966888,810241277794189332,None
2024-11-29T13:38:42.990348-07:00,927616651409649675,1309602643806519347,1281622160779251726,None
2024-11-29T13:49:56.941243-07:00,927616651409649675,1309608682811560029,1185284527279579196,None
2024-11-29T14:01:21.772775-07:00,927616651409649675,1309619352835719228,1282720534450278531,None
2024-11-29T14:16:39.482147-07:00,927616651409649675,1309625396614004826,1282720534450278531,None
2024-11-29T14:20:33.403090-07:00,927616651409649675,1309623256650616914,1281622160779251726,None
2024-11-29T14:28:13.663918-07:00,927616651409649675,1309619797503381505,882069725604114472,None
2024-11-29T14:31:14.895871-07:00,927616651409649675,1309624803149348874,1281637852232417290,None
2024-11-29T14:45:05.698532-07:00,927616651409649675,1309628060730921062,1283462440348291245,None
2024-11-29T14:47:49.629722-07:00,927616651409649675,1309630970277662741,1281795043627368459,None
2024-11-29T14:59:10.408797-07:00,927616651409649675,1309635119216197662,937575627106697258,None
2024-11-29T15:06:38.072297-07:00,927616651409649675,1309636318862512329,1280928898380595334,None
2024-11-29T15:09:38.256341-07:00,927616651409649675,1309639420101787748,1281795043627368459,None
2024-11-29T15:11:41.432382-07:00,927616651409649675,1309639540230852629,1281795043627368459,None
2024-11-29T15:33:55.212573-07:00,927616651409649675,1309641593623412817,810241277794189332,None
2024-11-29T15:39:42.370598-07:00,927616651409649675,1309638074074136627,1283496784689365033,None
2024-11-29T16:01:03.310647-07:00,927616651409649675,1309651023509590016,1005513851091038320,None
2024-11-29T16:14:49.607412-07:00,927616651409649675,1309655827237306440,1283496784689365033,None
2024-11-29T16:24:16.462290-07:00,927616651409649675,1309657178587533403,1283496784689365033,None
2024-11-29T16:26:44.001060-07:00,927616651409649675,1309650803459362921,1281444959911678003,None
2024-11-29T16:28:32.040860-07:00,927616651409649675,1309657164310380595,1005513851091038320,None
2024-11-29T16:35:16.929753-07:00,927616651409649675,1309659230504095764,1281377626216337551,None
2024-11-29T17:01:06.146749-07:00,927616651409649675,1309667398454083675,1281377626216337551,None
2024-11-29T17:04:11.206126-07:00,927616651409649675,1309656944990228600,1280962466662187008,None
2024-11-29T17:05:05.518501-07:00,927616651409649675,1309666251437768734,1281376736826626184,None
2024-11-29T17:10:13.901715-07:00,927616651409649675,1309669561678696481,1257899016293974081,None
2024-11-29T17:18:16.278453-07:00,927616651409649675,1309670062822658199,430366848261816321,None
2024-11-29T17:20:03.786591-07:00,927616651409649675,1309669592792170576,1280928898380595334,None
2024-11-29T17:21:35.463214-07:00,927616651409649675,1309665789644898376,1005513851091038320,None
2024-11-29T17:28:45.090166-07:00,927616651409649675,1309671253455405137,1280962466662187008,None
2024-11-29T17:31:44.679411-07:00,927616651409649675,1309674127593963551,1280929373347647599,None
2024-11-29T18:00:54.987805-07:00,927616651409649675,1309679111089688576,1282720534450278531,None
2024-11-29T18:04:28.440301-07:00,927616651409649675,1309683327967432808,430366848261816321,None
2024-11-29T18:26:17.942642-07:00,927616651409649675,1309688617773432943,1282801118510059572,None
2024-11-29T19:00:21.870518-07:00,927616651409649675,1309694175968624661,1280929927553749023,None
2024-11-29T19:14:41.791916-07:00,927616651409649675,1309700637302194237,1285993592535388285,None
2024-11-29T19:47:02.823830-07:00,927616651409649675,1309706371888840765,1280928898380595334,None
2024-11-29T20:05:35.251128-07:00,927616651409649675,1309709016510758973,1280896847744864266,None
2024-11-29T20:09:32.465424-07:00,927616651409649675,1309713679142359121,1280928898380595334,None
2024-11-29T20:39:09.058357-07:00,927616651409649675,1309717522987090053,1285993592535388285,None
2024-11-29T20:44:34.381288-07:00,927616651409649675,1309719817980350555,1280896847744864266,None
2024-11-29T20:53:28.138277-07:00,927616651409649675,1309725728828424223,737387257027100713,None
2024-11-29T21:12:20.854848-07:00,927616651409649675,1309728171305992244,543994538352705537,None
2024-11-29T21:41:50.502742-07:00,927616651409649675,1309735348049543289,757378922538336306,None
2024-11-29T21:42:08.082476-07:00,927616651409649675,1309729001421668364,653592144530898954,None
2024-11-29T21:56:08.161421-07:00,927616651409649675,1309741161719533599,757378922538336306,None
2024-11-29T21:59:04.967871-07:00,927616651409649675,1309739907639410779,1282720534450278531,None
2024-11-29T22:03:02.757240-07:00,927616651409649675,1309734333371908159,1280928898380595334,None
2024-11-29T22:15:28.349755-07:00,927616651409649675,1309742873641615370,1281483572271910946,None
2024-11-29T22:49:44.971726-07:00,927616651409649675,1309754057417691238,1283783464763789454,None
2024-11-29T22:50:06.250169-07:00,927616651409649675,1309752276801425449,1281361125488984104,None
2024-11-29T22:56:22.834623-07:00,927616651409649675,1309750090050830337,1280928898380595334,None
2024-11-29T22:56:48.280334-07:00,927616651409649675,1309754536021327892,513166154693345311,None
2024-11-29T23:03:01.743581-07:00,927616651409649675,1309756229442342923,653592144530898954,None
2024-11-29T23:11:36.865360-07:00,927616651409649675,1309755486060412948,695846585057411125,None
2024-11-29T23:50:03.450710-07:00,927616651409649675,1309765160159674368,1280928898380595334,None
2024-11-30T00:01:08.474426-07:00,927616651409649675,1309771622319919135,1280928898380595334,None
2024-11-30T00:02:48.013375-07:00,927616651409649675,1309772673274085397,494686724975493120,None
2024-11-30T00:43:29.873878-07:00,927616651409649675,1309778568829734943,494686724975493120,None
2024-11-30T00:58:42.682609-07:00,927616651409649675,1309787437224034366,494686724975493120,None
2024-11-30T12:45:46.193340-07:00,927616651409649675,1309965608238055546,1257899016293974081,None
2024-11-30T13:01:52.802040-07:00,927616651409649675,1309969057239269458,1257899016293974081,None
2024-11-30T13:38:02.397684-07:00,927616651409649675,1309975669714976769,1281406271840456799,None
2024-11-30T13:42:44.730102-07:00,927616651409649675,1309973096513667096,534535694584905728,None
2024-11-30T14:19:00.872860-07:00,927616651409649675,1309980156366164068,1200218783571263541,None
2024-11-30T15:20:24.798159-07:00,927616651409649675,1310004400387002401,1281376736826626184,None
2024-11-30T15:49:27.096461-07:00,927616651409649675,1310007460278567013,1281104180454625312,None
2024-11-30T15:59:20.519252-07:00,927616651409649675,1310013978293964872,1280928898380595334,None
2024-11-30T16:17:07.724755-07:00,927616651409649675,1310012484668751894,1281376736826626184,None
2024-11-30T16:20:17.934886-07:00,927616651409649675,1310019184507486218,1280928898380595334,None
2024-11-30T16:24:56.450365-07:00,927616651409649675,1310020421206147094,410167430846087168,None
2024-11-30T16:41:16.324911-07:00,927616651409649675,1310024778865836104,410167430846087168,None
2024-11-30T16:48:23.030229-07:00,927616651409649675,1310025291095081021,1280928898380595334,None
2024-11-30T16:59:48.522987-07:00,927616651409649675,1310021725387227186,1281377626216337551,None
2024-11-30T17:42:46.972020-07:00,927616651409649675,1310034268277444690,1280928898380595334,None
2024-11-30T18:03:47.097943-07:00,927616651409649675,1310041204980973599,515697666139881475,None
2024-11-30T18:13:20.598959-07:00,927616651409649675,1310042351665676310,695846585057411125,None
2024-11-30T18:31:27.353324-07:00,927616651409649675,1310050009768529991,1281444959911678003,None
2024-11-30T18:49:28.724622-07:00,927616651409649675,1310057020006727690,1281444959911678003,None
2024-11-30T18:54:54.767770-07:00,927616651409649675,1310057673793863720,1265130779474661386,None
2024-11-30T19:21:43.527395-07:00,927616651409649675,1310058022239993976,1283462440348291245,None
2024-11-30T19:31:34.572838-07:00,927616651409649675,1310066042197901344,1281637852232417290,None
2024-11-30T19:44:00.894943-07:00,927616651409649675,1310062618953646151,809179094242689045,None
2024-11-30T19:56:19.061606-07:00,927616651409649675,1310069942741368842,1281425124251275286,None
2024-11-30T20:00:54.449971-07:00,927616651409649675,1310066018001096746,608134652665790465,None
2024-11-30T20:11:28.941326-07:00,927616651409649675,1310075383894511626,1283496784689365033,None
2024-11-30T20:25:56.309871-07:00,927616651409649675,1310076707629170688,1281425124251275286,None
2024-11-30T20:45:30.393540-07:00,927616651409649675,1310082304693108806,466038803799474176,None
2024-11-30T21:22:03.016781-07:00,927616651409649675,1310090312135213117,466038803799474176,None
2024-11-30T21:26:21.804895-07:00,927616651409649675,1310089006075088917,1280727456738840658,None
2024-11-30T22:08:55.434049-07:00,927616651409649675,1310107267273850931,427257028260397068,None
2024-11-30T22:22:55.452030-07:00,927616651409649675,1310103757475811380,608134652665790465,None
2024-11-30T22:22:59.171316-07:00,927616651409649675,1310110623274897449,543994538352705537,None
2024-11-30T22:45:21.783154-07:00,927616651409649675,1310105231920726016,843322656908247041,None
2024-11-30T22:47:39.390897-07:00,927616651409649675,1310116888415572019,543994538352705537,None
2024-11-30T23:04:15.967413-07:00,927616651409649675,1310121169139273809,1281376736826626184,None
2024-11-30T23:19:41.621635-07:00,927616651409649675,1310120632012374068,1280962466662187008,None
2024-11-30T23:20:00.657478-07:00,927616651409649675,1310117604857352193,882069725604114472,None
2024-11-30T23:22:40.560118-07:00,927616651409649675,1310125672844234772,1281083739975192648,None
2024-11-30T23:30:07.407464-07:00,927616651409649675,1310127701574815745,1280929373347647599,None
2024-11-30T23:38:53.590776-07:00,927616651409649675,1310125656948080650,1281376736826626184,None
2024-11-30T23:42:04.833341-07:00,927616651409649675,1310127509127565314,1211880902725214268,None
2024-11-30T23:45:31.417446-07:00,927616651409649675,1310123744228016168,608134652665790465,None
2024-11-30T23:48:13.784878-07:00,927616651409649675,1310130636358684724,1281083739975192648,None
2024-11-30T23:58:54.329063-07:00,927616651409649675,1310132571073679362,1281376736826626184,None
2024-12-01T00:04:03.829390-07:00,927616651409649675,1310134995200774204,1211880902725214268,None
2024-12-01T00:05:28.888063-07:00,927616651409649675,1310127722248273992,1281444959911678003,None
2024-12-01T00:06:46.319393-07:00,927616651409649675,1310135464245858324,882069725604114472,None
2024-12-01T00:11:41.889647-07:00,927616651409649675,1310136753775972402,494686724975493120,None
2024-12-01T00:42:47.916758-07:00,927616651409649675,1310143716815671326,1211880902725214268,None
2024-12-01T00:47:48.306209-07:00,927616651409649675,1310143829965279273,1281376476008026216,None
2024-12-01T01:37:36.461664-07:00,927616651409649675,1310153267229233214,608134652665790465,None
2024-12-01T16:28:24.418225-07:00,927616651409649675,1310381853768941621,779431820470255627,None
2024-12-01T16:38:54.848626-07:00,927616651409649675,1310386588383187036,779431820470255627,None
2024-12-01T17:59:01.666088-07:00,927616651409649675,1310403172023406705,1281376476008026216,None
2024-12-01T20:50:29.990776-07:00,927616651409649675,1310446726984761364,779431820470255627,None
2024-12-01T22:31:30.639824-07:00,927616651409649675,1310475320180346911,779431820470255627,None
2024-12-02T10:00:31.342726-07:00,927616651409649675,1310647137607876790,494686724975493120,None
2024-12-02T10:37:20.194588-07:00,927616651409649675,1310652410003329065,494686724975493120,None
2024-12-02T10:38:02.669485-07:00,927616651409649675,1310646013584736338,1283783464763789454,None
2024-12-02T10:57:34.813970-07:00,927616651409649675,1313199350935195654,1145869132710039682,3
2024-12-02T10:59:09.662332-07:00,927616651409649675,1313186968657596446,1145869132710039682,3
2024-12-02T10:59:59.765426-07:00,927616651409649675,1313194533130862714,1145869132710039682,5
2024-12-02T11:51:37.025694-07:00,927616651409649675,1310671182386823270,1281278286932217888,None
2024-12-02T12:14:25.512325-07:00,927616651409649675,1310681493743337513,1280928981771616337,None
2024-12-02T12:26:17.178079-07:00,927616651409649675,1310666330436931656,1281317699091435600,None
2024-12-02T12:50:15.675913-07:00,927616651409649675,1310684711898845238,1281695002749177869,None
2024-12-02T12:56:56.187709-07:00,927616651409649675,1310686728306036787,1281278286932217888,None
2024-12-02T13:12:37.388806-07:00,927616651409649675,1310696433766105120,1281278286932217888,None
2024-12-02T13:23:53.898785-07:00,927616651409649675,1310698296838324247,1281024614860062822,None
2024-12-02T13:24:53.137971-07:00,927616651409649675,1310698361262706768,1281376476008026216,None
2024-12-02T14:18:05.791859-07:00,927616651409649675,1310702537736720417,1281024614860062822,None
2024-12-02T14:20:21.286841-07:00,927616651409649675,1310714141945893058,1280928981771616337,None
2024-12-02T14:58:41.599271-07:00,927616651409649675,1310709718901329941,1280962466662187008,None
2024-12-02T14:59:44.165234-07:00,927616651409649675,1310723195543883848,788190520949604373,None
2024-12-02T16:17:57.052904-07:00,927616651409649675,1313274152119173191,574333287036747787,4
2024-12-02T17:29:46.307451-07:00,927616651409649675,1310757679492497409,810241277794189332,None
2024-12-02T17:51:46.655706-07:00,927616651409649675,1310761667071574046,1283496784689365033,None
2024-12-02T21:40:19.671614-07:00,927616651409649675,1310823171301179423,1281278286932217888,None
2024-12-02T21:56:35.079024-07:00,927616651409649675,1310828700782301266,1075621006258999457,None
2024-12-02T22:16:32.429934-07:00,927616651409649675,1310828844755849251,877599594710724608,None
2024-12-03T16:46:58.251379-07:00,927616651409649675,1313641091177910334,1192996896231395468,5
2024-12-03T16:47:16.361625-07:00,927616651409649675,1313640881273700352,1192996896231395468,5
2024-12-03T16:47:33.873259-07:00,927616651409649675,1313642463201722379,1192996896231395468,5
2024-12-03T16:47:44.275248-07:00,927616651409649675,1313638142557032469,1192996896231395468,5
2024-12-03T16:48:08.517175-07:00,927616651409649675,1313636655760019467,1192996896231395468,5
2024-12-03T16:48:29.304755-07:00,927616651409649675,1313625384541098104,1192996896231395468,5
2024-12-03T16:48:40.518590-07:00,927616651409649675,1313635363390095370,1192996896231395468,5
2024-12-03T16:50:43.339502-07:00,927616651409649675,1313634543617577050,1192996896231395468,5
2024-12-03T16:50:44.568313-07:00,927616651409649675,1313623101170384949,1192996896231395468,5
2024-12-03T16:50:54.467016-07:00,927616651409649675,1313626887502696599,1192996896231395468,5
2024-12-03T16:51:17.530768-07:00,927616651409649675,1313620780973686969,1192996896231395468,5
2024-12-03T16:52:17.836040-07:00,927616651409649675,1313616015900282980,1192996896231395468,5
2024-12-03T19:49:00.076802-07:00,927616651409649675,1311142079870795787,1281377902637879352,None
2024-12-03T20:30:55.397471-07:00,927616651409649675,1311164130132234241,1281637852232417290,None
2024-12-04T08:58:03.708644-07:00,927616651409649675,1311357850437681242,608134652665790465,None
2024-12-04T16:55:59.058443-07:00,927616651409649675,1314010727756988466,321105133050265612,5
2024-12-04T16:56:51.661707-07:00,927616651409649675,1314003573755084803,321105133050265612,3
2024-12-04T17:21:18.057546-07:00,927616651409649675,1311483125901164544,1281404738344058994,None
2024-12-04T17:23:21.041342-07:00,927616651409649675,1311484840692023349,1151355066129850430,None
2024-12-04T18:21:01.382114-07:00,927616651409649675,1314027773022441543,321105133050265612,3
2024-12-04T18:21:31.618839-07:00,927616651409649675,1314029575319191564,321105133050265612,3
2024-12-04T18:39:29.762222-07:00,927616651409649675,1311502880406110269,1281404738344058994,None
2024-12-04T21:40:41.573015-07:00,927616651409649675,1311549778127224862,1238222124787695707,None
2024-12-04T21:41:09.148519-07:00,927616651409649675,1311549892618883143,1238222124787695707,None
2024-12-04T23:19:28.499821-07:00,927616651409649675,1311564007307612210,1281278286932217888,None
2024-12-05T08:46:12.659754-07:00,927616651409649675,1311711687610728498,1281278286932217888,None
2024-12-05T09:04:19.989620-07:00,927616651409649675,1314256968021573722,808076625861541911,5
2024-12-05T09:04:58.080934-07:00,927616651409649675,1314247907783868506,808076625861541911,5
2024-12-05T09:12:43.492907-07:00,927616651409649675,1314258630656393216,808076625861541911,5
2024-12-05T14:31:27.555809-07:00,927616651409649675,1311802150011277403,1281278286932217888,None
2024-12-05T16:17:05.843856-07:00,927616651409649675,1311811942469599232,1281278286932217888,None
2024-12-05T19:28:57.813040-07:00,927616651409649675,1311878124748668939,531171997376315394,None
2024-12-05T21:15:38.940505-07:00,927616651409649675,1311905221076713533,494686724975493120,None
2024-12-05T22:12:10.121892-07:00,927616651409649675,1311918979979411517,494686724975493120,None
2024-12-05T23:25:10.071279-07:00,927616651409649675,1311938451490340934,494686724975493120,None
2024-12-06T13:19:24.769259-07:00,927616651409649675,1314683441354379294,1145869132710039682,1
2024-12-06T15:02:30.032813-07:00,927616651409649675,1314707206587023552,1197277105235443713,4
2024-12-06T15:02:48.691823-07:00,927616651409649675,1314704000368640102,1197277105235443713,4
2024-12-06T15:26:46.344807-07:00,927616651409649675,1312171889438887966,1281637852232417290,None
2024-12-06T15:51:04.265797-07:00,927616651409649675,1312182114946646067,757378922538336306,None
2024-12-06T16:20:26.128050-07:00,927616651409649675,1312193580596727860,757378922538336306,None
2024-12-06T18:08:21.966615-07:00,927616651409649675,1312217059710734448,1281307154011258881,None
2024-12-06T20:35:49.463804-07:00,927616651409649675,1312251503037386843,1283496784689365033,None
2024-12-06T20:59:12.267787-07:00,927616651409649675,1312262845345566830,494686724975493120,None
2024-12-06T21:27:31.396864-07:00,927616651409649675,1312269959547588639,1281637852232417290,None
2024-12-06T22:12:42.919550-07:00,927616651409649675,1312277556291964988,494686724975493120,None
2024-12-06T23:12:15.771701-07:00,927616651409649675,1312293692014465034,494686724975493120,None
2024-12-06T23:27:51.426737-07:00,927616651409649675,1312301169938399245,494686724975493120,None
2024-12-06T23:47:55.096456-07:00,927616651409649675,1312305715674742784,494686724975493120,None
2024-12-07T08:46:03.361016-07:00,927616651409649675,1312441074459086848,1281637852232417290,None
2024-12-07T10:49:58.321176-07:00,927616651409649675,1314989987250442271,808076625861541911,4
2024-12-07T10:51:50.949718-07:00,927616651409649675,1314977564519043082,808076625861541911,3
2024-12-07T10:51:54.099452-07:00,927616651409649675,1314844608500338688,1197277105235443713,4
2024-12-07T10:52:12.112158-07:00,927616651409649675,1314859609428725780,1197277105235443713,4
2024-12-07T10:54:31.954722-07:00,927616651409649675,1314868713677393921,1197277105235443713,3
2024-12-07T10:55:09.139552-07:00,927616651409649675,1314832291922710548,1197277105235443713,3
2024-12-07T10:55:51.653042-07:00,927616651409649675,1314831824316534795,1197277105235443713,4
2024-12-07T10:56:07.780199-07:00,927616651409649675,1314827678976704562,1197277105235443713,4
2024-12-07T10:56:30.661284-07:00,927616651409649675,1314828779247370300,1197277105235443713,3
2024-12-07T12:02:05.608294-07:00,927616651409649675,1315018026256568360,1197277105235443713,3
2024-12-07T12:55:23.555833-07:00,927616651409649675,1315032763954626581,1197277105235443713,4
2024-12-07T12:55:50.846995-07:00,927616651409649675,1315027548299595859,1197277105235443713,3
2024-12-07T14:10:46.571493-07:00,927616651409649675,1312518950373818519,1295995954931175466,None
2024-12-07T18:15:21.400459-07:00,927616651409649675,1312583191197909034,1283496784689365033,None
2024-12-07T18:30:18.366247-07:00,927616651409649675,1312588137347940402,1283496784689365033,None
2024-12-07T18:48:18.986045-07:00,927616651409649675,1312591735372648560,1283496784689365033,None
2024-12-07T21:51:34.129903-07:00,927616651409649675,1312633124454273024,1281695002749177869,None
2024-12-07T22:34:21.923996-07:00,927616651409649675,1312635780283367474,1281089878012068000,None
2024-12-07T22:34:42.262505-07:00,927616651409649675,1312650170776817766,1275661072736456746,None
2024-12-07T22:50:12.963751-07:00,927616651409649675,1312653187370450944,1275661072736456746,None
2024-12-08T00:09:12.899950-07:00,927616651409649675,1312668318439706636,586732064213172230,None
2024-12-08T01:12:49.729528-07:00,927616651409649675,1312684742344179732,586732064213172230,None
2024-12-08T17:16:52.015962-07:00,927616651409649675,1312921734969819208,1281695002749177869,None
2024-12-08T18:07:57.837675-07:00,927616651409649675,1312935624629686403,1281695002749177869,None
2024-12-08T22:26:12.661676-07:00,927616651409649675,1313006184453898280,1283497691657142479,None
2024-12-08T22:55:44.938902-07:00,927616651409649675,1313014066708480071,1283497691657142479,None
2024-12-09T08:42:41.133373-07:00,927616651409649675,1313163166208757810,384440632904777749,None
2024-12-09T09:55:45.309967-07:00,927616651409649675,1313183828092649493,1280928042532868176,None
2024-12-09T10:12:17.485515-07:00,927616651409649675,1313182236501082182,1281000201922023508,None
2024-12-09T11:16:29.804519-07:00,927616651409649675,1313204002107686933,1280929595318734889,None
2024-12-09T11:52:57.096638-07:00,927616651409649675,1313211750409048125,809179094242689045,None
2024-12-09T12:08:15.053005-07:00,927616651409649675,1313215637664956486,1281083739975192648,None
2024-12-09T12:21:32.372522-07:00,927616651409649675,1313218913030508634,809179094242689045,None
2024-12-09T12:39:55.621357-07:00,927616651409649675,1313221733112610910,788190520949604373,None
2024-12-09T13:15:11.274716-07:00,927616651409649675,1313234240024088697,1281278923287822404,None
2024-12-09T13:25:43.401805-07:00,927616651409649675,1313234494907748522,1281318400228065386,None
2024-12-09T13:43:16.404018-07:00,927616651409649675,1313241530655309947,1281318400228065386,None
2024-12-09T13:45:56.002123-07:00,927616651409649675,1313242239266197534,532726945834598400,None
2024-12-09T14:03:43.279209-07:00,927616651409649675,1313245494788751362,1257899016293974081,None
2024-12-09T14:17:25.412107-07:00,927616651409649675,1313246975298113598,532726945834598400,None
2024-12-09T14:32:07.541023-07:00,927616651409649675,1313252812133503027,1257899016293974081,None
2024-12-09T14:55:09.742911-07:00,927616651409649675,1313256484401844305,1280997347563671667,None
2024-12-09T16:05:07.920518-07:00,927616651409649675,1313267953671864390,1281024614860062822,None
2024-12-09T16:45:22.508954-07:00,927616651409649675,1313281371464269878,434861615570223134,None
2024-12-09T17:04:34.447262-07:00,927616651409649675,1313285927094980760,1281024614860062822,None
2024-12-09T17:05:07.702178-07:00,927616651409649675,1313287086740340756,584512570627719178,None
2024-12-09T17:32:25.034822-07:00,927616651409649675,1313298604718559232,737387257027100713,None
2024-12-09T17:33:46.203953-07:00,927616651409649675,1313290836967948370,434861615570223134,None
2024-12-09T17:40:21.911079-07:00,927616651409649675,1313300116580597760,534535694584905728,None
2024-12-09T18:05:10.118189-07:00,927616651409649675,1313307000616255500,1282175265585369181,None
2024-12-09T19:14:37.847875-07:00,927616651409649675,1313324619914149898,434861615570223134,None
2024-12-09T20:31:15.901484-07:00,927616651409649675,1313339090149834823,862757582481129482,None
2024-12-09T20:41:34.182409-07:00,927616651409649675,1313340618440970322,434861615570223134,None
2024-12-09T20:57:22.405327-07:00,927616651409649675,1313347632604647466,862757582481129482,None
2024-12-09T21:16:19.171837-07:00,927616651409649675,1313355205450006608,1157762650793574472,None
2024-12-09T21:50:56.990407-07:00,927616651409649675,1313364073940779071,1157762650793574472,None
2024-12-09T21:55:49.879724-07:00,927616651409649675,1313365412640981084,1280655752138063903,None
2024-12-09T21:56:57.980082-07:00,927616651409649675,1313363974862929990,1281317699091435600,None
2024-12-09T22:50:03.458385-07:00,927616651409649675,1313377420145070110,1157762650793574472,None
2024-12-09T23:04:48.849685-07:00,927616651409649675,1313381863078891520,1157762650793574472,None
2024-12-09T23:08:06.753168-07:00,927616651409649675,1313376185622986783,1281023593270083678,None
2024-12-09T23:18:09.559209-07:00,927616651409649675,1313376164785557504,862757582481129482,None
2024-12-09T23:35:56.274974-07:00,927616651409649675,1313388204597973045,1281023593270083678,None
2024-12-09T23:55:48.216830-07:00,927616651409649675,1313393840736174112,1281104180454625312,None
2024-12-09T23:57:08.798548-07:00,927616651409649675,1313395500770394133,1157762650793574472,None
2024-12-09T23:57:41.326076-07:00,927616651409649675,1313389414612996107,862757582481129482,None
2024-12-10T00:14:01.736969-07:00,927616651409649675,1313398428562227282,545790340611833876,None
2024-12-10T09:36:36.891591-07:00,927616651409649675,1313538818019954831,1198409126280175751,None
2024-12-10T10:16:29.655316-07:00,927616651409649675,1313551398998249486,877599594710724608,None
2024-12-10T10:20:23.879811-07:00,927616651409649675,1313550505464565790,1281297122943307837,None
2024-12-10T10:20:32.679336-07:00,927616651409649675,1313551265132974121,1281023593270083678,None
2024-12-10T10:35:43.057424-07:00,927616651409649675,1313554891217698899,1281089760210980999,None
2024-12-10T10:50:22.518494-07:00,927616651409649675,1313553561812078693,611983556826103811,None
2024-12-10T11:04:27.253414-07:00,927616651409649675,1313546253656785019,384440632904777749,None
2024-12-10T11:08:07.329278-07:00,927616651409649675,1313563924116934737,1198409126280175751,None
2024-12-10T11:13:37.694751-07:00,927616651409649675,1313565394828656742,1185284527279579196,None
2024-12-10T11:21:32.358128-07:00,927616651409649675,1313567228519780454,1194327114967699486,None
2024-12-10T11:22:39.936860-07:00,927616651409649675,1313564890639761409,1197706190029865122,None
2024-12-10T11:27:01.244389-07:00,927616651409649675,1313568593480388618,466038803799474176,None
2024-12-10T11:36:58.809291-07:00,927616651409649675,1313572174833123459,877599594710724608,None
2024-12-10T11:37:30.224814-07:00,927616651409649675,1313566077522935820,877599594710724608,None
2024-12-10T11:37:32.556613-07:00,927616651409649675,1313568648098615386,384440632904777749,None
2024-12-10T12:01:43.332217-07:00,927616651409649675,1313576139641454593,877599594710724608,None
2024-12-10T13:02:04.239879-07:00,927616651409649675,1313590570178056265,1265130779474661386,None
2024-12-10T13:46:51.441526-07:00,927616651409649675,1313604255151685713,779431820470255627,None
2024-12-10T13:51:31.693352-07:00,927616651409649675,1313601447065161820,1281027428285681735,None
2024-12-10T14:15:47.895636-07:00,927616651409649675,1313609986546597981,1281312052283048002,None
2024-12-10T14:18:50.322556-07:00,927616651409649675,1313612569084166164,1281015056728981504,None
2024-12-10T14:35:35.754707-07:00,927616651409649675,1313617072801976371,1281015056728981504,None
2024-12-10T14:38:43.424483-07:00,927616651409649675,1313609008690761861,1280928898380595334,None
2024-12-10T15:12:05.502316-07:00,927616651409649675,1313617691705081867,810241277794189332,None
2024-12-10T16:02:30.008572-07:00,927616651409649675,1313638202594299915,1062453088742543500,None
2024-12-10T16:53:50.396968-07:00,927616651409649675,1313650252565188609,810241277794189332,None
2024-12-10T17:12:43.625352-07:00,927616651409649675,1313656436580159518,1281622160779251726,None
2024-12-10T17:13:48.584028-07:00,927616651409649675,1313655810672300084,1282801118510059572,None
2024-12-10T17:23:01.522554-07:00,927616651409649675,1313651233822609448,584512570627719178,None
2024-12-10T17:23:34.866418-07:00,927616651409649675,1313659249217507328,1283497691657142479,None
2024-12-10T17:47:29.225626-07:00,927616651409649675,1313664389366288455,1283497691657142479,None
2024-12-10T17:48:40.426403-07:00,927616651409649675,1313665504950616147,1282801118510059572,None
2024-12-10T18:08:43.045716-07:00,927616651409649675,1313670237543202856,675821196713132054,None
2024-12-10T18:14:14.204851-07:00,927616651409649675,1313670286473953290,1282801118510059572,None
2024-12-10T18:15:46.032772-07:00,927616651409649675,1313657739741761569,1281307154011258881,None
2024-12-10T18:16:31.347597-07:00,927616651409649675,1313670068441317417,843322656908247041,None
2024-12-10T18:19:04.979008-07:00,927616651409649675,1313661587772411995,809179094242689045,None
2024-12-10T18:23:32.754362-07:00,927616651409649675,1313673881348739092,675821196713132054,None
2024-12-10T18:34:29.969864-07:00,927616651409649675,1313672198631985182,1281039742619881486,None
2024-12-10T18:40:41.427673-07:00,927616651409649675,1313668669087154206,695846585057411125,None
2024-12-10T18:40:52.146675-07:00,927616651409649675,1313678327009120316,937575627106697258,None
2024-12-10T18:41:19.219797-07:00,927616651409649675,1313677256761282620,843322656908247041,None
2024-12-10T19:08:11.517617-07:00,927616651409649675,1313684185260490773,1281307154011258881,None
2024-12-10T19:15:48.052401-07:00,927616651409649675,1313676807819624511,1281425124251275286,None
2024-12-10T19:22:24.547981-07:00,927616651409649675,1313687844685873253,1281027428285681735,None
2024-12-10T19:25:52.568535-07:00,927616651409649675,1313685616810135573,695846585057411125,None
2024-12-10T19:26:33.407981-07:00,927616651409649675,1313689374290083942,1282801118510059572,None
2024-12-10T19:32:51.080827-07:00,927616651409649675,1313690500976476323,1281425124251275286,None
2024-12-10T19:47:44.544972-07:00,927616651409649675,1313692378850267247,651551651026698292,None
2024-12-10T19:51:21.100395-07:00,927616651409649675,1313696441260310589,1281027428285681735,None
2024-12-10T20:01:54.373013-07:00,927616651409649675,1313694133252128859,769437481443262514,None
2024-12-10T20:07:05.992677-07:00,927616651409649675,1313699369911848980,1281027428285681735,None
2024-12-10T20:24:15.207468-07:00,927616651409649675,1313703200611631216,1281027428285681735,None
2024-12-10T20:31:12.932697-07:00,927616651409649675,1313705803051438110,1282801118510059572,None
2024-12-10T20:34:18.495829-07:00,927616651409649675,1313706732878303347,675821196713132054,None
2024-12-10T20:40:11.443982-07:00,927616651409649675,1313707191655596053,1281023593270083678,None
2024-12-10T20:44:32.141590-07:00,927616651409649675,1313696046748270632,1283462440348291245,None
2024-12-10T20:45:28.434236-07:00,927616651409649675,1313709956389797980,675821196713132054,None
2024-12-10T21:09:03.900814-07:00,927616651409649675,1313708065928777728,769437481443262514,None
2024-12-10T21:29:30.775890-07:00,927616651409649675,1313713838398378005,1281023593270083678,None
2024-12-10T21:34:55.187353-07:00,927616651409649675,1313722267527675957,675821196713132054,None
2024-12-10T21:35:51.267044-07:00,927616651409649675,1313721792199659610,1280727456738840658,None
2024-12-10T21:50:36.217187-07:00,927616651409649675,1313725521066197086,1281032764379889786,None
2024-12-10T21:59:36.874322-07:00,927616651409649675,1313728028810940436,1284273038426374146,None
2024-12-10T21:59:51.215345-07:00,927616651409649675,1313720390115266581,695846585057411125,None
2024-12-10T22:03:07.893474-07:00,927616651409649675,1313726470345986155,882069725604114472,None
2024-12-10T22:08:25.266338-07:00,927616651409649675,1313730799018971186,675821196713132054,None
2024-12-10T22:15:23.982558-07:00,927616651409649675,1313729154784559114,695846585057411125,None
2024-12-10T22:16:13.630600-07:00,927616651409649675,1313730675169427486,1281032764379889786,None
2024-12-10T22:19:30.443884-07:00,927616651409649675,1313733701452173352,1280896847744864266,None
2024-12-10T22:30:18.933202-07:00,927616651409649675,1313733279052075040,1281023593270083678,None
2024-12-10T22:32:13.735834-07:00,927616651409649675,1313736263886700618,1281032764379889786,None
2024-12-10T22:42:13.922118-07:00,927616651409649675,1313726154405838870,1280962466662187008,None
2024-12-10T22:42:14.457165-07:00,927616651409649675,1313732986742509621,653592144530898954,None
2024-12-10T23:00:15.858648-07:00,927616651409649675,1313743514118389831,768854091148296262,None
2024-12-10T23:07:45.680056-07:00,927616651409649675,1313744910247006210,1281032764379889786,None
2024-12-10T23:11:13.145241-07:00,927616651409649675,1313738927584182305,1281377626216337551,None
2024-12-11T00:53:30.783078-07:00,927616651409649675,1313765754503561247,632657261197656064,None
2024-12-11T09:32:10.953904-07:00,927616651409649675,1313898863190343751,1211880902725214268,None
2024-12-11T09:41:29.749863-07:00,927616651409649675,1313904120549212272,1281000201922023508,None
2024-12-11T09:57:00.471024-07:00,927616651409649675,1313904201188773909,1075621006258999457,None
2024-12-11T10:00:56.106868-07:00,927616651409649675,1313905774749024256,1211880902725214268,None
2024-12-11T10:19:27.161319-07:00,927616651409649675,1313910089975074816,1280929494571548836,None
2024-12-11T10:22:12.033046-07:00,927616651409649675,1313903929456595105,1280928042532868176,None
2024-12-11T10:28:35.585232-07:00,927616651409649675,1313914301580443750,1211880902725214268,None
2024-12-11T10:38:20.781128-07:00,927616651409649675,1313919785360429057,1280928042532868176,None
2024-12-11T10:43:35.676686-07:00,927616651409649675,1313912631307931679,1281000201922023508,None
2024-12-11T10:50:37.752045-07:00,927616651409649675,1313920312907272214,1280929494571548836,None
2024-12-11T10:57:08.644698-07:00,927616651409649675,1313923987964821645,1280929003544252447,None
2024-12-11T11:28:15.961277-07:00,927616651409649675,1313931187303219211,1280929003544252447,None
2024-12-11T11:32:52.384274-07:00,927616651409649675,1313933244856533102,809179094242689045,None
2024-12-11T11:42:13.304808-07:00,927616651409649675,1313922492888514671,1280929595318734889,None
2024-12-11T11:43:23.669568-07:00,927616651409649675,1313936177614688327,809179094242689045,None
2024-12-11T11:47:14.886032-07:00,927616651409649675,1313934998499233822,1281278923287822404,None
2024-12-11T11:48:10.558818-07:00,927616651409649675,1313936184967299113,809179094242689045,None
2024-12-11T11:54:31.782996-07:00,927616651409649675,1313935614239838240,1280929003544252447,None
2024-12-11T12:31:10.168482-07:00,927616651409649675,1313948199677067266,1281278923287822404,None
2024-12-11T12:31:29.577307-07:00,927616651409649675,1313929309442019393,1281023593270083678,None
2024-12-11T12:41:08.055507-07:00,927616651409649675,1313948138637103126,1281278923287822404,None
2024-12-11T12:50:18.940004-07:00,927616651409649675,1313948469257306265,1281023593270083678,None
2024-12-11T12:53:38.501483-07:00,927616651409649675,1313953076205584384,1281023593270083678,None
2024-12-11T13:12:07.438761-07:00,927616651409649675,1313958283966677013,1281000201922023508,None
2024-12-11T14:05:07.692884-07:00,927616651409649675,1313971539497975912,1281622160779251726,None
2024-12-11T14:33:22.840182-07:00,927616651409649675,1313974892378591232,1281023593270083678,None
2024-12-11T14:51:01.454125-07:00,927616651409649675,1313974793090895996,1281622160779251726,None
2024-12-11T15:13:34.285686-07:00,927616651409649675,1313978888606580777,1280997347563671667,None
2024-12-11T15:20:59.431695-07:00,927616651409649675,1313990794843000924,1281376476008026216,None
2024-12-11T15:27:13.441568-07:00,927616651409649675,1313989437658501213,1257899016293974081,None
2024-12-11T15:43:37.558806-07:00,927616651409649675,1313994929370042379,1281376476008026216,None
2024-12-11T15:49:38.244245-07:00,927616651409649675,1313994121412870216,1280929595318734889,None
2024-12-11T16:00:51.076296-07:00,927616651409649675,1313998893926846496,1281024614860062822,None
2024-12-11T16:01:27.279216-07:00,927616651409649675,1313993504241877002,513166154693345311,None
2024-12-11T16:11:15.103004-07:00,927616651409649675,1314003585788285069,1281376476008026216,None
2024-12-11T16:52:07.122435-07:00,927616651409649675,1314016325760323665,1281622160779251726,None
2024-12-11T16:58:29.272711-07:00,927616651409649675,1314014145649316010,513166154693345311,None
2024-12-11T17:05:21.365960-07:00,927616651409649675,1314016342743187476,1281000201922023508,None
2024-12-11T17:08:40.632577-07:00,927616651409649675,1314017425582460948,1281291262363828255,None
2024-12-11T17:12:32.051741-07:00,927616651409649675,1314016437026820127,1281622160779251726,None
2024-12-11T17:22:25.576022-07:00,927616651409649675,1314019719321358407,1281377902637879352,None
2024-12-11T17:28:21.151645-07:00,927616651409649675,1314021866150826075,1281291262363828255,None
2024-12-11T17:38:30.901598-07:00,927616651409649675,1314022510232076350,1280929494571548836,None
2024-12-11T17:39:42.854195-07:00,927616651409649675,1314024519198969946,614634038476668950,None
2024-12-11T17:39:58.436754-07:00,927616651409649675,1314025606005919775,1281291262363828255,None
2024-12-11T17:48:48.140145-07:00,927616651409649675,1314027986747392010,207787293648486400,None
2024-12-11T17:55:59.938471-07:00,927616651409649675,1314026971721895990,1281347180078174280,None
2024-12-11T17:59:10.758085-07:00,927616651409649675,1314019973105975330,513166154693345311,None
2024-12-11T18:01:55.202646-07:00,927616651409649675,1314031068893941790,614634038476668950,None
2024-12-11T18:10:04.064200-07:00,927616651409649675,1314028179014549545,1284273038426374146,None
2024-12-11T18:31:55.024556-07:00,927616651409649675,1314036692864466944,513166154693345311,None
2024-12-11T19:01:13.098240-07:00,927616651409649675,1314042892960137236,1248691885929926751,None
2024-12-11T19:12:13.310182-07:00,927616651409649675,1314047923293650944,1281622160779251726,None
2024-12-11T19:23:42.518168-07:00,927616651409649675,1314045098765324298,1281027428285681735,None
2024-12-11T19:42:40.755762-07:00,927616651409649675,1314054978565967933,1281027428285681735,None
2024-12-11T20:10:54.264962-07:00,927616651409649675,1314060790109835264,1281376476008026216,None
2024-12-11T20:23:03.734829-07:00,927616651409649675,1314066183900627025,614634038476668950,None
2024-12-11T20:56:17.426834-07:00,927616651409649675,1314074462932439142,1281318400228065386,None
2024-12-11T21:19:46.913022-07:00,927616651409649675,1314080920646717490,1187807103742644336,None
2024-12-11T21:19:59.463972-07:00,927616651409649675,1314079208364048396,1281318400228065386,None
2024-12-11T21:42:46.992519-07:00,927616651409649675,1314084279075999795,1281404738344058994,None
2024-12-11T21:47:10.212891-07:00,927616651409649675,1314087530458779699,1281318400228065386,None
2024-12-11T22:12:13.264527-07:00,927616651409649675,1314091735697063956,1281318400228065386,None
2024-12-11T22:18:58.798731-07:00,927616651409649675,1314096052844105738,1281376736826626184,None
2024-12-11T23:27:26.047351-07:00,927616651409649675,1314101364963676182,1281376736826626184,None
2024-12-11T23:48:27.713203-07:00,927616651409649675,1314116519806107668,1281376736826626184,None
2024-12-12T00:18:21.258495-07:00,927616651409649675,1314122742722990122,1281472298758701160,None
2024-12-12T00:55:49.264602-07:00,927616651409649675,1314130111062081546,1281472298758701160,None
2024-12-12T09:29:21.195121-07:00,927616651409649675,1314263824244805743,1281374473269940276,None
2024-12-12T09:39:14.031846-07:00,927616651409649675,1314263938442985543,1198409126280175751,None
2024-12-12T09:43:21.208710-07:00,927616651409649675,1314267238186090507,1281278923287822404,None
2024-12-12T09:45:49.667743-07:00,927616651409649675,1314268888774480022,1281374998920958094,None
2024-12-12T09:59:08.045427-07:00,927616651409649675,1314272284101574727,1281374473269940276,None
2024-12-12T10:03:57.108516-07:00,927616651409649675,1314271100963655751,1281278923287822404,None
2024-12-12T10:18:07.872339-07:00,927616651409649675,1314275718854869022,1280928898380595334,None
2024-12-12T10:21:54.975483-07:00,927616651409649675,1314275548326793339,1282058517162758175,None
2024-12-12T10:36:41.066379-07:00,927616651409649675,1314280604337963008,1281317699091435600,None
2024-12-12T10:36:53.601076-07:00,927616651409649675,1314281394444177428,1282058517162758175,None
2024-12-12T10:41:40.391037-07:00,927616651409649675,1314274949325652089,1281089760210980999,None
2024-12-12T10:47:28.098708-07:00,927616651409649675,1314284380960849930,129343764908081152,None
2024-12-12T10:52:35.378971-07:00,927616651409649675,1314281872192438332,1280928898380595334,None
2024-12-12T10:56:54.384420-07:00,927616651409649675,1314282391363256402,1280655752138063903,None
2024-12-12T10:56:58.004192-07:00,927616651409649675,1314286741259030669,1280969496579805184,None
2024-12-12T11:01:34.421941-07:00,927616651409649675,1314287648788975647,129343764908081152,None
2024-12-12T11:16:43.068726-07:00,927616651409649675,1314288570671960116,1280928898380595334,None
2024-12-12T11:22:03.438302-07:00,927616651409649675,1314290990948946005,1280655752138063903,None
2024-12-12T11:30:33.849781-07:00,927616651409649675,1314294613997125682,1281032764379889786,None
2024-12-12T11:33:21.292872-07:00,927616651409649675,1314291647755845735,1281278923287822404,None
2024-12-12T11:37:10.322198-07:00,927616651409649675,1314292158097788929,1197706190029865122,None
2024-12-12T11:43:35.464227-07:00,927616651409649675,1314287467595304961,1280928626212212802,None
2024-12-12T11:47:57.499290-07:00,927616651409649675,1314294711783133384,1198409126280175751,None
2024-12-12T11:54:19.905316-07:00,927616651409649675,1314299983989833750,1281278922385915927,None
2024-12-12T11:57:07.658118-07:00,927616651409649675,1314281829905338528,611983556826103811,None
2024-12-12T11:59:28.017604-07:00,927616651409649675,1314301540051320842,1197706190029865122,None
2024-12-12T12:00:29.116194-07:00,927616651409649675,1314302525939257395,1281278923287822404,None
2024-12-12T12:16:15.891506-07:00,927616651409649675,1314305357224476752,877599594710724608,None
2024-12-12T12:22:46.743903-07:00,927616651409649675,1314303916187324456,1280928626212212802,None
2024-12-12T12:58:16.761715-07:00,927616651409649675,1314316909889585203,1280969496579805184,None
2024-12-12T13:00:44.714830-07:00,927616651409649675,1314306100283052154,1281312052283048002,None
2024-12-12T13:08:28.552244-07:00,927616651409649675,1314319832681807872,1257899016293974081,None
2024-12-12T13:17:34.124096-07:00,927616651409649675,1314317626175918092,877599594710724608,None
2024-12-12T13:48:18.062953-07:00,927616651409649675,1314327881568227459,129343764908081152,None
2024-12-12T13:52:56.763122-07:00,927616651409649675,1314328779052810302,1281317699091435600,None
2024-12-12T14:05:25.929291-07:00,927616651409649675,1314334191390949502,1281317699091435600,None
2024-12-12T14:20:35.797005-07:00,927616651409649675,1314334902203715604,1283462440348291245,None
2024-12-12T14:34:11.038420-07:00,927616651409649675,1314341311415058484,653592144530898954,None
2024-12-12T14:35:47.338898-07:00,927616651409649675,1314341796758818928,653592144530898954,None
2024-12-12T14:38:23.068865-07:00,927616651409649675,1314341836440997982,1211840493563150401,None
2024-12-12T14:47:45.159283-07:00,927616651409649675,1314339749661507594,810241277794189332,None
2024-12-12T14:56:06.302770-07:00,927616651409649675,1314339775276384341,1281015056728981504,None
2024-12-12T14:57:12.492213-07:00,927616651409649675,1314334597441523732,1283783464763789454,None
2024-12-12T15:13:58.168981-07:00,927616651409649675,1314348289633681472,810241277794189332,None
2024-12-12T15:18:03.186377-07:00,927616651409649675,1314350618793480282,1281015056728981504,None
2024-12-12T15:21:04.663743-07:00,927616651409649675,1314351328427774044,1283783464763789454,None
2024-12-12T15:22:47.562223-07:00,927616651409649675,1314350885987418234,1281374998920958094,None
2024-12-12T15:33:45.077007-07:00,927616651409649675,1314355602742313061,810241277794189332,None
2024-12-12T15:47:53.663361-07:00,927616651409649675,1314358810374049863,1280928626212212802,None
2024-12-12T15:48:37.414936-07:00,927616651409649675,1314359470637187132,1281015056728981504,None
2024-12-12T16:03:43.097166-07:00,927616651409649675,1314358868708692050,1281374998920958094,None
2024-12-12T16:07:54.386900-07:00,927616651409649675,1314364967465779382,1281375570051072083,None
2024-12-12T16:08:11.009616-07:00,927616651409649675,1314360678722703422,129343764908081152,None
2024-12-12T16:25:30.629804-07:00,927616651409649675,1314362802567118918,358772775726612490,None
2024-12-12T16:28:06.758406-07:00,927616651409649675,1314369888386547764,1281375570051072083,None
2024-12-12T16:46:54.572922-07:00,927616651409649675,1314374802890297414,1281375570051072083,None
2024-12-12T16:52:13.356452-07:00,927616651409649675,1314373546830598256,434861615570223134,None
2024-12-12T16:52:20.072407-07:00,927616651409649675,1314374019155365950,1281039742619881486,None
2024-12-12T16:55:01.720498-07:00,927616651409649675,1314375168201723936,1281444959911678003,None
2024-12-12T16:55:33.406661-07:00,927616651409649675,1314369040046751897,1280928626212212802,None
2024-12-12T17:25:08.430706-07:00,927616651409649675,1314375144038469662,1281317699091435600,None
2024-12-12T17:36:34.998513-07:00,927616651409649675,1314383994028163133,434861615570223134,None
2024-12-12T17:40:14.307485-07:00,927616651409649675,1314387081019129876,1281404738344058994,None
2024-12-12T17:43:44.768597-07:00,927616651409649675,1314376917423755335,358772775726612490,None
2024-12-12T17:52:35.776717-07:00,927616651409649675,1314390634513043508,554730981865816064,None
2024-12-12T17:57:20.481020-07:00,927616651409649675,1314392075696869438,1281297334675705888,None
2024-12-12T18:13:52.645316-07:00,927616651409649675,1314396364611780641,764341183068897301,None
2024-12-12T18:15:12.323126-07:00,927616651409649675,1314397049835360316,554730981865816064,None
2024-12-12T18:15:24.327154-07:00,927616651409649675,1314394279593902090,434861615570223134,None
2024-12-12T18:34:39.398390-07:00,927616651409649675,1314400006421217301,554730981865816064,None
2024-12-12T18:42:07.294659-07:00,927616651409649675,1314403604685258833,1285993592535388285,None
2024-12-12T18:44:09.108789-07:00,927616651409649675,1314403465283239996,1281312052283048002,None
2024-12-12T18:47:07.371731-07:00,927616651409649675,1314401765197873233,434861615570223134,None
2024-12-12T19:03:38.867118-07:00,927616651409649675,1314408580564385796,807038698460938280,None
2024-12-12T19:14:50.467430-07:00,927616651409649675,1314412129763196939,807038698460938280,None
2024-12-12T19:16:34.702983-07:00,927616651409649675,1314407682530349106,1281015056728981504,None
2024-12-12T19:16:56.201468-07:00,927616651409649675,1314407277616300106,1200218783571263541,None
2024-12-12T19:24:37.242267-07:00,927616651409649675,1314401020171911218,286940986771243008,None
2024-12-12T19:29:24.179493-07:00,927616651409649675,1314412142023278724,1281312052283048002,None
2024-12-12T19:30:13.028616-07:00,927616651409649675,1314414231088660570,1280929502632869933,None
2024-12-12T19:31:04.756296-07:00,927616651409649675,1314409235773263922,358772775726612490,None
2024-12-12T19:33:28.054405-07:00,927616651409649675,1314416074908766359,768854091148296262,None
2024-12-12T19:34:25.089977-07:00,927616651409649675,1314416682617540638,1281083739975192648,None
2024-12-12T19:38:49.478562-07:00,927616651409649675,1314415313609035837,1281015056728981504,None
2024-12-12T19:39:09.090825-07:00,927616651409649675,1314418100653002804,286940986771243008,None
2024-12-12T19:43:56.955860-07:00,927616651409649675,1314418607136178339,554730981865816064,None
2024-12-12T19:56:08.860812-07:00,927616651409649675,1314422526381789207,768854091148296262,None
2024-12-12T20:12:06.128848-07:00,927616651409649675,1314408971775508540,862757582481129482,None
2024-12-12T20:12:45.501704-07:00,927616651409649675,1314425907485872239,788190520949604373,None
2024-12-12T20:20:18.680942-07:00,927616651409649675,1314428507430060133,1280929739833479170,None
2024-12-12T20:33:59.317669-07:00,927616651409649675,1314426337078808627,1248691885929926751,None
2024-12-12T20:36:11.666577-07:00,927616651409649675,1314432336611377163,1280929739833479170,None
2024-12-12T20:39:57.014067-07:00,927616651409649675,1314427903714394174,1283462440348291245,None
2024-12-12T20:42:13.644289-07:00,927616651409649675,1314431015468666931,1280929595318734889,None
2024-12-12T21:20:06.542983-07:00,927616651409649675,1314442428618510418,1281047038712086588,None
2024-12-12T21:37:33.886245-07:00,927616651409649675,1314438689484443668,877599594710724608,None
2024-12-12T21:38:30.131639-07:00,927616651409649675,1314448142040694784,358772775726612490,None
2024-12-12T22:00:24.728228-07:00,927616651409649675,1314450963167449161,1281047038712086588,None
2024-12-12T22:03:44.133969-07:00,927616651409649675,1314448568106618910,1198409126280175751,None
2024-12-12T22:08:08.203569-07:00,927616651409649675,1314450968183574528,358772775726612490,None
2024-12-12T22:39:16.369238-07:00,927616651409649675,1314461408741560361,1281047038712086588,None
2024-12-12T22:43:42.010466-07:00,927616651409649675,1314457273543819265,877599594710724608,None
2024-12-12T22:50:34.080837-07:00,927616651409649675,1314459076377448459,653592144530898954,None
2024-12-12T22:56:49.145918-07:00,927616651409649675,1314466475943268394,1257899016293974081,None
2024-12-12T22:57:32.640132-07:00,927616651409649675,1314465734516019230,207787293648486400,None
2024-12-12T23:01:50.760361-07:00,927616651409649675,1314460313978015836,1280962466662187008,None
2024-12-12T23:02:51.837477-07:00,927616651409649675,1314463575183720478,1211880902725214268,None
2024-12-12T23:08:53.394813-07:00,927616651409649675,1314466153464336446,1248691885929926751,None
2024-12-12T23:20:12.729510-07:00,927616651409649675,1314469829423398972,1281444959911678003,None
2024-12-12T23:24:31.493652-07:00,927616651409649675,1314474295019438170,1248691885929926751,None
2024-12-12T23:47:31.279886-07:00,927616651409649675,1314479916280057937,1281317699091435600,None
2024-12-12T23:54:35.275850-07:00,927616651409649675,1314481592361553941,877599594710724608,None
2024-12-13T00:02:33.020333-07:00,927616651409649675,1314479448665493524,1281377902637879352,None
2024-12-13T00:05:32.934689-07:00,927616651409649675,1314483369102413826,1281317699091435600,None
2024-12-13T00:06:28.092221-07:00,927616651409649675,1314476416472977430,427257028260397068,None
2024-12-13T00:20:47.665658-07:00,927616651409649675,1314484822030417924,524086966141190145,None
2024-12-13T00:25:26.902745-07:00,927616651409649675,1314489737515503636,877599594710724608,None
2024-12-13T02:12:17.887750-07:00,927616651409649675,1314489402604392448,1281377902637879352,None
2024-12-13T10:45:19.549037-07:00,927616651409649675,1314642973908140094,1281374998920958094,None
2024-12-13T11:37:49.179008-07:00,927616651409649675,1314657968964374528,1281374998920958094,None
2024-12-13T11:39:34.217036-07:00,927616651409649675,1314658951312310445,1280969496579805184,None
2024-12-13T11:39:57.648253-07:00,927616651409649675,1314655989802471435,129343764908081152,None
2024-12-13T11:41:07.106559-07:00,927616651409649675,1314655640286658641,1280929739833479170,None
2024-12-13T11:55:35.688320-07:00,927616651409649675,1314648591859449927,1281377626216337551,None
2024-12-13T12:09:37.321203-07:00,927616651409649675,1314664878044086314,1280969496579805184,None
2024-12-13T12:18:31.285119-07:00,927616651409649675,1314666612783059066,1281377626216337551,None
2024-12-13T12:39:58.404808-07:00,927616651409649675,1314670983780761742,611983556826103811,None
2024-12-13T12:40:42.790745-07:00,927616651409649675,1314675210636627968,1281442307148877848,None
2024-12-13T12:54:11.555513-07:00,927616651409649675,1314675347291377684,1281000201922023508,None
2024-12-13T13:22:24.471357-07:00,927616651409649675,1314685763857678376,1284273038426374146,None
